CODIGO_IES_NUM	CODIGO_UNICO	CODIGO_CARRERA	NOMBRE_IES	COD_SEDE	NOMBRE_SEDE	NOMBRE_CARRERA	MODALIDAD	JORNADA	TIPO_PLAN_CARRERA	CARACT_PLAN_ESPECIAL	DURACION_ESTUDIOS	DURACION_TITULACION	DURACION_TOTAL	COMUNA_SEDE	PROVINCIA_SEDE	REGION_SEDE	NIVEL_GLOBAL	NIVEL_CARRERA	VIGENCIA	CODCARPR_CANONICO	CODCARPR_ALIAS_LIST	REGLA_DESAMBIGUACION	FUENTE_GOBERNANZA	ESTADO_REGISTRO	CODCARPR_RESOLUCION_ESTADO
162	I162S2C101J4V1	101	IP SAN SEBASTIAN	2	CASA CENTRAL (SANTIAGO)	DIPLOMADO EN SALUD FAMILIAR CON ENFOQUE COMUNITARIO	3	4	1	NO APLICA	1	0	1	SANTIAGO	SANTIAGO	Metropolitana	3	5	1	DSFA		MATRIZ_VIGENTE_O_REVISION_MANUAL	DURACION_ESTUDIOS	ACTIVO	UNICO
162	I162S2C102J4V1	102	IP SAN SEBASTIAN	2	CASA CENTRAL (SANTIAGO)	DIPLOMADO SALUD CON FOCO EN MIGRACION	3	4	1	NO APLICA	1	0	1	SANTIAGO	SANTIAGO	Metropolitana	3	5	1			MATRIZ_VIGENTE_O_REVISION_MANUAL	DURACION_ESTUDIOS	ACTIVO	SIN_REFERENCIA_MATRIZ
162	I162S2C103J4V1	103	IP SAN SEBASTIAN	2	CASA CENTRAL (SANTIAGO)	DIPLOMADO ABORDAJE INTEGRAL DE LA VIOLENCIA DE GENERO EN ATENCION PRIMARIA DE SALUD	3	4	1	NO APLICA	1	0	1	SANTIAGO	SANTIAGO	Metropolitana	3	5	1			MATRIZ_VIGENTE_O_REVISION_MANUAL	DURACION_ESTUDIOS	ACTIVO	SIN_REFERENCIA_MATRIZ
162	I162S2C104J4V1	104	IP SAN SEBASTIAN	2	CASA CENTRAL (SANTIAGO)	DIPLOMADO EN INNOVACION PARA LA DOCENCIA	3	4	1	NO APLICA	1	0	1	SANTIAGO	SANTIAGO	Metropolitana	3	5	1			MATRIZ_VIGENTE_O_REVISION_MANUAL	DURACION_ESTUDIOS	ACTIVO	SIN_REFERENCIA_MATRIZ
162	I162S2C105J4V1	105	IP SAN SEBASTIAN	2	CASA CENTRAL (SANTIAGO)	DIPLOMADO EN HUMANIZACION EN SALUD	3	4	1	NO APLICA	1	0	1	SANTIAGO	SANTIAGO	Metropolitana	3	5	1			MATRIZ_VIGENTE_O_REVISION_MANUAL	DURACION_ESTUDIOS	ACTIVO	SIN_REFERENCIA_MATRIZ
162	I162S2C10J1V1	10	IP SAN SEBASTIAN	2	CASA CENTRAL (SANTIAGO)	TECNICO EN PREVENCION DE RIESGOS	1	1	1	NO APLICA	5	0	5	SANTIAGO	SANTIAGO	Metropolitana	1	1	1			MATRIZ_VIGENTE_O_REVISION_MANUAL	DURACION_ESTUDIOS	ACTIVO	SIN_REFERENCIA_MATRIZ
162	I162S2C10J2V1	10	IP SAN SEBASTIAN	2	CASA CENTRAL (SANTIAGO)	TECNICO EN PREVENCION DE RIESGOS	1	2	1	NO APLICA	5	0	5	SANTIAGO	SANTIAGO	Metropolitana	1	1	1			MATRIZ_VIGENTE_O_REVISION_MANUAL	DURACION_ESTUDIOS	ACTIVO	SIN_REFERENCIA_MATRIZ
162	I162S2C10J4V1	10	IP SAN SEBASTIAN	2	CASA CENTRAL (SANTIAGO)	TECNICO EN PREVENCION DE RIESGOS	3	4	1	NO APLICA	5	0	5	SANTIAGO	SANTIAGO	Metropolitana	1	1	1	TPRE		MATRIZ_VIGENTE_O_REVISION_MANUAL	DURACION_ESTUDIOS	ACTIVO	UNICO
162	I162S2C111J4V1	111	IP SAN SEBASTIAN	2	CASA CENTRAL (SANTIAGO)	INGENIERIA EN FINANZAS	3	4	1	NO APLICA	8	0	8	SANTIAGO	SANTIAGO	Metropolitana	1	2	1	IFIN		MATRIZ_VIGENTE_O_REVISION_MANUAL	DURACION_ESTUDIOS	ACTIVO	UNICO
162	I162S2C111J4V2	111	IP SAN SEBASTIAN	2	CASA CENTRAL (SANTIAGO)	INGENIERIA EN FINANZAS	3	4	3	NO APLICA	4	0	4	SANTIAGO	SANTIAGO	Metropolitana	1	2	1		CIFIN|IFIN	MATRIZ_VIGENTE_O_REVISION_MANUAL	DURACION_ESTUDIOS	ACTIVO	AMBIGUO
162	I162S2C112J4V1	112	IP SAN SEBASTIAN	2	CASA CENTRAL (SANTIAGO)	INGENIERIA EN MARKETING DIGITAL	3	4	1	NO APLICA	8	0	8	SANTIAGO	SANTIAGO	Metropolitana	1	2	1	IMDI		MATRIZ_VIGENTE_O_REVISION_MANUAL	DURACION_ESTUDIOS	ACTIVO	UNICO
162	I162S2C112J4V2	112	IP SAN SEBASTIAN	2	CASA CENTRAL (SANTIAGO)	INGENIERIA EN MARKETING DIGITAL	3	4	3	NO APLICA	4	0	4	SANTIAGO	SANTIAGO	Metropolitana	1	2	1		CIMDI|IMDI	MATRIZ_VIGENTE_O_REVISION_MANUAL	DURACION_ESTUDIOS	ACTIVO	AMBIGUO
162	I162S2C113J4V1	113	IP SAN SEBASTIAN	2	CASA CENTRAL (SANTIAGO)	INGENIERIA EN RECURSOS HUMANOS	3	4	1	NO APLICA	8	0	8	SANTIAGO	SANTIAGO	Metropolitana	1	2	1	IRHU		MATRIZ_VIGENTE_O_REVISION_MANUAL	DURACION_ESTUDIOS	ACTIVO	UNICO
162	I162S2C113J4V2	113	IP SAN SEBASTIAN	2	CASA CENTRAL (SANTIAGO)	INGENIERIA EN RECURSOS HUMANOS	3	4	3	NO APLICA	4	0	4	SANTIAGO	SANTIAGO	Metropolitana	1	2	1		CIRHU|IRHU	MATRIZ_VIGENTE_O_REVISION_MANUAL	DURACION_ESTUDIOS	ACTIVO	AMBIGUO
162	I162S2C114J2V1	114	IP SAN SEBASTIAN	2	CASA CENTRAL (SANTIAGO)	TECNICO EN ENFERMERIA E INSTRUMENTACION QUIRURGICA	1	2	1	NO APLICA	5	0	5	SANTIAGO	SANTIAGO	Metropolitana	1	1	1		COTEIQ|TEIQ	MATRIZ_VIGENTE_O_REVISION_MANUAL	DURACION_ESTUDIOS	ACTIVO	AMBIGUO
162	I162S2C115J2V1	115	IP SAN SEBASTIAN	2	CASA CENTRAL (SANTIAGO)	TECNICO EN FARMACIA	1	2	1	NO APLICA	5	0	5	SANTIAGO	SANTIAGO	Metropolitana	1	1	1		COTFAR|TFAR	MATRIZ_VIGENTE_O_REVISION_MANUAL	DURACION_ESTUDIOS	ACTIVO	AMBIGUO
162	I162S2C116J4V1	116	IP SAN SEBASTIAN	2	CASA CENTRAL (SANTIAGO)	TECNICO EN FINANZAS	3	4	1	NO APLICA	5	0	5	SANTIAGO	SANTIAGO	Metropolitana	1	1	1	TFIN		MATRIZ_VIGENTE_O_REVISION_MANUAL	DURACION_ESTUDIOS	ACTIVO	UNICO
162	I162S2C117J4V1	117	IP SAN SEBASTIAN	2	CASA CENTRAL (SANTIAGO)	TECNICO EN INFRAESTRUCTURA CLOUD	3	4	1	NO APLICA	5	0	5	SANTIAGO	SANTIAGO	Metropolitana	1	1	1		NAN|TICL	MATRIZ_VIGENTE_O_REVISION_MANUAL	AUTO_ALIAS_SIN_MATCH	ACTIVO	SIN_REFERENCIA_MATRIZ
162	I162S2C118J4V1	118	IP SAN SEBASTIAN	2	CASA CENTRAL (SANTIAGO)	TECNICO EN MARKETING DIGITAL	3	4	1	NO APLICA	5	0	5	SANTIAGO	SANTIAGO	Metropolitana	1	1	1	TMDI		MATRIZ_VIGENTE_O_REVISION_MANUAL	DURACION_ESTUDIOS	ACTIVO	UNICO
162	I162S2C119J4V1	119	IP SAN SEBASTIAN	2	CASA CENTRAL (SANTIAGO)	TECNICO EN RECURSOS HUMANOS	3	4	1	NO APLICA	5	0	5	SANTIAGO	SANTIAGO	Metropolitana	1	1	1	TRHU		MATRIZ_VIGENTE_O_REVISION_MANUAL	DURACION_ESTUDIOS	ACTIVO	UNICO
162	I162S2C11J1V1	11	IP SAN SEBASTIAN	2	CASA CENTRAL (SANTIAGO)	TECNICO EN AUTOMATIZACION Y CONTROL INDUSTRIAL	1	1	1	NO APLICA	5	0	5	SANTIAGO	SANTIAGO	Metropolitana	1	1	1			MATRIZ_VIGENTE_O_REVISION_MANUAL	DURACION_ESTUDIOS	ACTIVO	SIN_REFERENCIA_MATRIZ
162	I162S2C11J2V1	11	IP SAN SEBASTIAN	2	CASA CENTRAL (SANTIAGO)	TECNICO EN AUTOMATIZACION Y CONTROL INDUSTRIAL	1	2	1	NO APLICA	5	0	5	SANTIAGO	SANTIAGO	Metropolitana	1	1	1		TACI|TMIRE	MATRIZ_VIGENTE_O_REVISION_MANUAL	DURACION_ESTUDIOS	ACTIVO	AMBIGUO
162	I162S2C11J4V1	11	IP SAN SEBASTIAN	2	CASA CENTRAL (SANTIAGO)	TECNICO EN AUTOMATIZACION Y CONTROL INDUSTRIAL	3	4	1	NO APLICA	5	0	5	SANTIAGO	SANTIAGO	Metropolitana	1	1	1			MATRIZ_VIGENTE_O_REVISION_MANUAL	DURACION_ESTUDIOS	ACTIVO	SIN_REFERENCIA_MATRIZ
162	I162S2C124J4V1	124	IP SAN SEBASTIAN	2	CASA CENTRAL (SANTIAGO)	INGENIERIA EN PREVENCION DE RIESGOS	3	4	1	NO APLICA	8	0	8	SANTIAGO	SANTIAGO	Metropolitana	1	2	1	IPRE		MATRIZ_VIGENTE_O_REVISION_MANUAL	DURACION_ESTUDIOS	ACTIVO	UNICO
162	I162S2C124J4V2	124	IP SAN SEBASTIAN	2	CASA CENTRAL (SANTIAGO)	INGENIERIA EN PREVENCION DE RIESGOS	3	4	3	NO APLICA	4	0	4	SANTIAGO	SANTIAGO	Metropolitana	1	2	1		CIPRE|IPRE	MATRIZ_VIGENTE_O_REVISION_MANUAL	DURACION_ESTUDIOS	ACTIVO	AMBIGUO
162	I162S2C125J4V1	125	IP SAN SEBASTIAN	2	CASA CENTRAL (SANTIAGO)	INGENIERIA EN SEGURIDAD PRIVADA	3	4	1	NO APLICA	8	0	8	SANTIAGO	SANTIAGO	Metropolitana	1	2	1	ISEP		MATRIZ_VIGENTE_O_REVISION_MANUAL	DURACION_ESTUDIOS	ACTIVO	UNICO
162	I162S2C125J4V2	125	IP SAN SEBASTIAN	2	CASA CENTRAL (SANTIAGO)	INGENIERIA EN SEGURIDAD PRIVADA	3	4	3	NO APLICA	4	0	4	SANTIAGO	SANTIAGO	Metropolitana	1	2	1		CISEP|ISEP	MATRIZ_VIGENTE_O_REVISION_MANUAL	DURACION_ESTUDIOS	ACTIVO	AMBIGUO
162	I162S2C13J1V1	13	IP CIISA	2	CASA CENTRAL (SANTIAGO)	SOPORTE DE SERVICIOS DE TELECOMUNICACIONES	1	1	1	NO APLICA	5	0	5	SANTIAGO	SANTIAGO	Metropolitana	1	1	1			MATRIZ_VIGENTE_O_REVISION_MANUAL	DURACION_ESTUDIOS	ACTIVO	SIN_REFERENCIA_MATRIZ
162	I162S2C13J2V1	13	IP CIISA	2	CASA CENTRAL (SANTIAGO)	SOPORTE DE SERVICIOS DE TELECOMUNICACIONES	1	2	1	NO APLICA	5	0	5	SANTIAGO	SANTIAGO	Metropolitana	1	1	1			MATRIZ_VIGENTE_O_REVISION_MANUAL	DURACION_ESTUDIOS	ACTIVO	SIN_REFERENCIA_MATRIZ
162	I162S2C1J1V1	1	IP SAN SEBASTIAN	2	CASA CENTRAL (SANTIAGO)	INGENIERIA EN INFORMATICA	1	1	1	NO APLICA	8	0	8	SANTIAGO	SANTIAGO	Metropolitana	1	2	1	IECIRE	IECIRE|IINF	MATRIZ_VIGENTE_O_REVISION_MANUAL	AUTO_ALIAS_SIN_MATCH	ACTIVO	UNICO
162	I162S2C1J1V2	1	IP SAN SEBASTIAN	2	CASA CENTRAL (SANTIAGO)	INGENIERIA EN INFORMATICA	1	1	1	NO APLICA	8	0	8	SANTIAGO	SANTIAGO	Metropolitana	1	2	1		IINF|NAN	MATRIZ_VIGENTE_O_REVISION_MANUAL	AUTO_ALIAS_SIN_MATCH	ACTIVO	SIN_REFERENCIA_MATRIZ
162	I162S2C1J2V1	1	IP SAN SEBASTIAN	2	CASA CENTRAL (SANTIAGO)	INGENIERIA EN INFORMATICA	1	2	1	NO APLICA	8	0	8	SANTIAGO	SANTIAGO	Metropolitana	1	2	1		IECIRE|IINF|NAN|NECIRE|NICIRE|NINFRE	MATRIZ_VIGENTE_O_REVISION_MANUAL	AUTO_ALIAS_SIN_MATCH	ACTIVO	AMBIGUO
162	I162S2C1J2V2	1	IP SAN SEBASTIAN	2	CASA CENTRAL (SANTIAGO)	INGENIERIA EN INFORMATICA	1	2	3	NO APLICA	5	0	5	SANTIAGO	SANTIAGO	Metropolitana	1	2	1	IINF	IINF|NECIRE|NICIRE|NINFRE	MATRIZ_VIGENTE_O_REVISION_MANUAL	AUTO_ALIAS_SIN_MATCH	ACTIVO	UNICO
162	I162S2C1J2V3	1	IP SAN SEBASTIAN	2	CASA CENTRAL (SANTIAGO)	INGENIERIA EN INFORMATICA	1	2	3	NO APLICA	4	0	4	SANTIAGO	SANTIAGO	Metropolitana	1	2	1	IINF	IINF|NECIRE|NICIRE|NINFRE	MATRIZ_VIGENTE_O_REVISION_MANUAL	AUTO_ALIAS_SIN_MATCH	ACTIVO	UNICO
162	I162S2C1J2V4	1	IP SAN SEBASTIAN	2	CASA CENTRAL (SANTIAGO)	INGENIERIA EN INFORMATICA	1	2	1	NO APLICA	8	0	8	SANTIAGO	SANTIAGO	Metropolitana	1	2	1		IECIRE|IINF|NAN|NECIRE|NICIRE|NINFRE	MATRIZ_VIGENTE_O_REVISION_MANUAL	AUTO_ALIAS_SIN_MATCH	ACTIVO	AMBIGUO
162	I162S2C1J4V1	1	IP CIISA	2	CASA CENTRAL (SANTIAGO)	INGENIERIA EN INFORMATICA	3	4	1	NO APLICA	8	0	8	SANTIAGO	SANTIAGO	Metropolitana	1	2	1		CIINF|IECIRE|IECIREOL|NAN|NINFREOL	MATRIZ_VIGENTE_O_REVISION_MANUAL	AUTO_ALIAS_SIN_MATCH	ACTIVO	AMBIGUO
162	I162S2C1J4V2	1	IP SAN SEBASTIAN	2	CASA CENTRAL (SANTIAGO)	INGENIERIA EN INFORMATICA	3	4	1	NO APLICA	8	0	8	SANTIAGO	SANTIAGO	Metropolitana	1	2	1		CIINF|IECIREOL|IINF|NAN|NINFREOL	MATRIZ_VIGENTE_O_REVISION_MANUAL	AUTO_ALIAS_SIN_MATCH	ACTIVO	AMBIGUO
162	I162S2C1J4V3	1	IP SAN SEBASTIAN	2	CASA CENTRAL (SANTIAGO)	INGENIERIA EN INFORMATICA	3	4	3	NO APLICA	4	0	4	SANTIAGO	SANTIAGO	Metropolitana	1	2	1	CIINF	CIINF|NINFREOL	MATRIZ_VIGENTE_O_REVISION_MANUAL	AUTO_ALIAS_SIN_MATCH	ACTIVO	UNICO
162	I162S2C21J1V1	21	IP CIISA	2	CASA CENTRAL (SANTIAGO)	INGENIERIA DE EJECUCION EN AUTOMATIZACION Y CONTROL INDUSTRIAL	1	1	1	NO APLICA	8	0	8	SANTIAGO	SANTIAGO	Metropolitana	1	2	1			MATRIZ_VIGENTE_O_REVISION_MANUAL	DURACION_ESTUDIOS	ACTIVO	SIN_REFERENCIA_MATRIZ
162	I162S2C21J2V1	21	IP CIISA	2	CASA CENTRAL (SANTIAGO)	INGENIERIA DE EJECUCION EN AUTOMATIZACION Y CONTROL INDUSTRIAL	1	2	1	NO APLICA	8	0	8	SANTIAGO	SANTIAGO	Metropolitana	1	2	1			MATRIZ_VIGENTE_O_REVISION_MANUAL	DURACION_ESTUDIOS	ACTIVO	SIN_REFERENCIA_MATRIZ
162	I162S2C22J1V1	22	IP SAN SEBASTIAN	2	CASA CENTRAL (SANTIAGO)	INGENIERIA EN AUTOMATIZACION Y CONTROL INDUSTRIAL	1	1	1	NO APLICA	8	0	8	SANTIAGO	SANTIAGO	Metropolitana	1	2	1			MATRIZ_VIGENTE_O_REVISION_MANUAL	DURACION_ESTUDIOS	ACTIVO	SIN_REFERENCIA_MATRIZ
162	I162S2C22J2V1	22	IP SAN SEBASTIAN	2	CASA CENTRAL (SANTIAGO)	INGENIERIA EN AUTOMATIZACION Y CONTROL INDUSTRIAL	1	2	1	NO APLICA	8	0	8	SANTIAGO	SANTIAGO	Metropolitana	1	2	1	IACI	IACI|IEMORE|NAUTRE	MATRIZ_VIGENTE_O_REVISION_MANUAL	AUTO_ALIAS_SIN_MATCH	ACTIVO	UNICO
162	I162S2C22J2V2	22	IP SAN SEBASTIAN	2	CASA CENTRAL (SANTIAGO)	INGENIERIA EN AUTOMATIZACION Y CONTROL INDUSTRIAL	1	2	3	NO APLICA	4	0	4	SANTIAGO	SANTIAGO	Metropolitana	1	2	1	IACI	IACI|IEMORE|NAUTRE	MATRIZ_VIGENTE_O_REVISION_MANUAL	AUTO_ALIAS_SIN_MATCH	ACTIVO	UNICO
162	I162S2C22J4V1	22	IP SAN SEBASTIAN	2	CASA CENTRAL (SANTIAGO)	INGENIERIA EN AUTOMATIZACION Y CONTROL INDUSTRIAL	3	4	1	NO APLICA	8	0	8	SANTIAGO	SANTIAGO	Metropolitana	1	2	1	IACI	CIIND|IACI	MATRIZ_VIGENTE_O_REVISION_MANUAL	AUTO_ALIAS_SIN_MATCH	ACTIVO	UNICO
162	I162S2C22J4V2	22	IP SAN SEBASTIAN	2	CASA CENTRAL (SANTIAGO)	INGENIERIA EN AUTOMATIZACION Y CONTROL INDUSTRIAL	3	4	3	NO APLICA	4	0	4	SANTIAGO	SANTIAGO	Metropolitana	1	2	1		CIACI|CIIND|IACI|NAN	MATRIZ_VIGENTE_O_REVISION_MANUAL	AUTO_ALIAS_SIN_MATCH	ACTIVO	AMBIGUO
162	I162S2C23J1V1	23	IP CIISA	2	CASA CENTRAL (SANTIAGO)	INGENIERIA DE EJECUCION EN PREVENCION DE RIESGOS	1	1	1	NO APLICA	8	0	8	SANTIAGO	SANTIAGO	Metropolitana	1	2	1			MATRIZ_VIGENTE_O_REVISION_MANUAL	DURACION_ESTUDIOS	ACTIVO	SIN_REFERENCIA_MATRIZ
162	I162S2C23J2V1	23	IP CIISA	2	CASA CENTRAL (SANTIAGO)	INGENIERIA DE EJECUCION EN PREVENCION DE RIESGOS	1	2	1	NO APLICA	8	0	8	SANTIAGO	SANTIAGO	Metropolitana	1	2	1			MATRIZ_VIGENTE_O_REVISION_MANUAL	DURACION_ESTUDIOS	ACTIVO	SIN_REFERENCIA_MATRIZ
162	I162S2C24J1V1	24	IP CIISA	2	CASA CENTRAL (SANTIAGO)	TECNICO EN AUTOMATIZACION Y CONTROL INDUSTRIAL	1	1	1	NO APLICA	5	0	5	SANTIAGO	SANTIAGO	Metropolitana	1	1	1			MATRIZ_VIGENTE_O_REVISION_MANUAL	DURACION_ESTUDIOS	ACTIVO	SIN_REFERENCIA_MATRIZ
162	I162S2C24J2V1	24	IP CIISA	2	CASA CENTRAL (SANTIAGO)	TECNICO EN AUTOMATIZACION Y CONTROL INDUSTRIAL	1	2	1	NO APLICA	5	0	5	SANTIAGO	SANTIAGO	Metropolitana	1	1	1			MATRIZ_VIGENTE_O_REVISION_MANUAL	DURACION_ESTUDIOS	ACTIVO	SIN_REFERENCIA_MATRIZ
162	I162S2C2J1V1	2	IP SAN SEBASTIAN	2	CASA CENTRAL (SANTIAGO)	TECNICO EN PROGRAMACION COMPUTACIONAL	1	1	1	NO APLICA	5	0	5	SANTIAGO	SANTIAGO	Metropolitana	1	1	1		NAN|TPCRE	MATRIZ_VIGENTE_O_REVISION_MANUAL	AUTO_ALIAS_SIN_MATCH	ACTIVO	SIN_REFERENCIA_MATRIZ
162	I162S2C2J1V2	2	IP SAN SEBASTIAN	2	CASA CENTRAL (SANTIAGO)	TECNICO EN PROGRAMACION COMPUTACIONAL	1	1	1	NO APLICA	5	0	5	SANTIAGO	SANTIAGO	Metropolitana	1	1	1		NAN|TPCRE	MATRIZ_VIGENTE_O_REVISION_MANUAL	AUTO_ALIAS_SIN_MATCH	ACTIVO	SIN_REFERENCIA_MATRIZ
162	I162S2C2J2V1	2	IP SAN SEBASTIAN	2	CASA CENTRAL (SANTIAGO)	TECNICO EN PROGRAMACION COMPUTACIONAL	1	2	1	NO APLICA	5	0	5	SANTIAGO	SANTIAGO	Metropolitana	1	1	1		NAN|TPCRE	MATRIZ_VIGENTE_O_REVISION_MANUAL	AUTO_ALIAS_SIN_MATCH	ACTIVO	SIN_REFERENCIA_MATRIZ
162	I162S2C2J2V2	2	IP SAN SEBASTIAN	2	CASA CENTRAL (SANTIAGO)	TECNICO EN PROGRAMACION COMPUTACIONAL	1	2	1	NO APLICA	5	0	5	SANTIAGO	SANTIAGO	Metropolitana	1	1	1		NAN|TPCRE	MATRIZ_VIGENTE_O_REVISION_MANUAL	AUTO_ALIAS_SIN_MATCH	ACTIVO	SIN_REFERENCIA_MATRIZ
162	I162S2C2J4V1	2	IP SAN SEBASTIAN	2	CASA CENTRAL (SANTIAGO)	TECNICO EN PROGRAMACION COMPUTACIONAL	3	4	1	NO APLICA	5	0	5	SANTIAGO	SANTIAGO	Metropolitana	1	1	1	TPCRE	TPCRE|TPCREOL	MATRIZ_VIGENTE_O_REVISION_MANUAL	AUTO_ALIAS_SIN_MATCH	ACTIVO	UNICO
162	I162S2C2J4V2	2	IP SAN SEBASTIAN	2	CASA CENTRAL (SANTIAGO)	TECNICO EN PROGRAMACION COMPUTACIONAL	3	4	1	NO APLICA	5	0	5	SANTIAGO	SANTIAGO	Metropolitana	1	1	1	TPCRE	TPCRE|TPCREOL	MATRIZ_VIGENTE_O_REVISION_MANUAL	AUTO_ALIAS_SIN_MATCH	ACTIVO	UNICO
162	I162S2C35J1V1	35	IP SAN SEBASTIAN	2	CASA CENTRAL (SANTIAGO)	TECNICO EN ANALISIS DE SISTEMAS	1	1	1	NO APLICA	6	0	6	SANTIAGO	SANTIAGO	Metropolitana	1	1	1			MATRIZ_VIGENTE_O_REVISION_MANUAL	DURACION_ESTUDIOS	ACTIVO	SIN_REFERENCIA_MATRIZ
162	I162S2C35J1V2	35	IP SAN SEBASTIAN	2	CASA CENTRAL (SANTIAGO)	TECNICO EN ANALISIS DE SISTEMAS	1	1	1	NO APLICA	6	0	6	SANTIAGO	SANTIAGO	Metropolitana	1	1	1			MATRIZ_VIGENTE_O_REVISION_MANUAL	DURACION_ESTUDIOS	ACTIVO	SIN_REFERENCIA_MATRIZ
162	I162S2C35J2V1	35	IP SAN SEBASTIAN	2	CASA CENTRAL (SANTIAGO)	TECNICO EN ANALISIS DE SISTEMAS	1	2	1	NO APLICA	6	0	6	SANTIAGO	SANTIAGO	Metropolitana	1	1	1			MATRIZ_VIGENTE_O_REVISION_MANUAL	DURACION_ESTUDIOS	ACTIVO	SIN_REFERENCIA_MATRIZ
162	I162S2C35J2V2	35	IP SAN SEBASTIAN	2	CASA CENTRAL (SANTIAGO)	TECNICO EN ANALISIS DE SISTEMAS	1	2	1	NO APLICA	6	0	6	SANTIAGO	SANTIAGO	Metropolitana	1	1	1			MATRIZ_VIGENTE_O_REVISION_MANUAL	DURACION_ESTUDIOS	ACTIVO	SIN_REFERENCIA_MATRIZ
162	I162S2C35J4V1	35	IP SAN SEBASTIAN	2	CASA CENTRAL (SANTIAGO)	TECNICO EN ANALISIS DE SISTEMAS	3	4	1	NO APLICA	6	0	6	SANTIAGO	SANTIAGO	Metropolitana	1	1	1			MATRIZ_VIGENTE_O_REVISION_MANUAL	DURACION_ESTUDIOS	ACTIVO	SIN_REFERENCIA_MATRIZ
162	I162S2C35J4V2	35	IP SAN SEBASTIAN	2	CASA CENTRAL (SANTIAGO)	TECNICO EN ANALISIS DE SISTEMAS	3	4	1	NO APLICA	6	0	6	SANTIAGO	SANTIAGO	Metropolitana	1	1	1			MATRIZ_VIGENTE_O_REVISION_MANUAL	DURACION_ESTUDIOS	ACTIVO	SIN_REFERENCIA_MATRIZ
162	I162S2C3J1V1	3	IP SAN SEBASTIAN	2	CASA CENTRAL (SANTIAGO)	INGENIERIA EN CONECTIVIDAD Y REDES	1	1	1	NO APLICA	8	0	8	SANTIAGO	SANTIAGO	Metropolitana	1	2	1		IETMRE|NAN|NETMRE|NITMRE	MATRIZ_VIGENTE_O_REVISION_MANUAL	AUTO_ALIAS_SIN_MATCH	ACTIVO	AMBIGUO
162	I162S2C3J1V2	3	IP SAN SEBASTIAN	2	CASA CENTRAL (SANTIAGO)	INGENIERIA EN CONECTIVIDAD Y REDES	1	1	1	NO APLICA	8	0	8	SANTIAGO	SANTIAGO	Metropolitana	1	2	1		ICRE|IETMRE|NAN|NETMRE|NITMRE	MATRIZ_VIGENTE_O_REVISION_MANUAL	AUTO_ALIAS_SIN_MATCH	ACTIVO	AMBIGUO
162	I162S2C3J2V1	3	IP SAN SEBASTIAN	2	CASA CENTRAL (SANTIAGO)	INGENIERIA EN CONECTIVIDAD Y REDES	1	2	1	NO APLICA	8	0	8	SANTIAGO	SANTIAGO	Metropolitana	1	2	1		ICRE|NAN|NCONRE|NETMRE|NITMRE	MATRIZ_VIGENTE_O_REVISION_MANUAL	AUTO_ALIAS_SIN_MATCH	ACTIVO	AMBIGUO
162	I162S2C3J2V2	3	IP CIISA	2	CASA CENTRAL (SANTIAGO)	INGENIERIA EN CONECTIVIDAD Y REDES	1	2	3	NO APLICA	5	0	5	SANTIAGO	SANTIAGO	Metropolitana	1	2	1		ICRE|IETMRE|NAN|NCONRE	MATRIZ_VIGENTE_O_REVISION_MANUAL	AUTO_ALIAS_SIN_MATCH	ACTIVO	AMBIGUO
162	I162S2C3J2V3	3	IP SAN SEBASTIAN	2	CASA CENTRAL (SANTIAGO)	INGENIERIA EN CONECTIVIDAD Y REDES	1	2	3	NO APLICA	4	0	4	SANTIAGO	SANTIAGO	Metropolitana	1	2	1		CICRE|ICRE|IETMRE|NAN|NCONRE	MATRIZ_VIGENTE_O_REVISION_MANUAL	AUTO_ALIAS_SIN_MATCH	ACTIVO	AMBIGUO
162	I162S2C3J2V4	3	IP SAN SEBASTIAN	2	CASA CENTRAL (SANTIAGO)	INGENIERIA EN CONECTIVIDAD Y REDES	1	2	1	NO APLICA	8	0	8	SANTIAGO	SANTIAGO	Metropolitana	1	2	1		ICRE|NAN|NCONRE|NETMRE|NITMRE	MATRIZ_VIGENTE_O_REVISION_MANUAL	AUTO_ALIAS_SIN_MATCH	ACTIVO	AMBIGUO
162	I162S2C3J4V1	3	IP CIISA	2	CASA CENTRAL (SANTIAGO)	INGENIERIA EN CONECTIVIDAD Y REDES	3	4	1	NO APLICA	8	0	8	SANTIAGO	SANTIAGO	Metropolitana	1	2	1		CICRE|IECIREOL|IETMRE|IETMREOL|NAN|NCONRE|NCONREOL|NETMRE	MATRIZ_VIGENTE_O_REVISION_MANUAL	AUTO_ALIAS_SIN_MATCH	ACTIVO	AMBIGUO
162	I162S2C3J4V2	3	IP SAN SEBASTIAN	2	CASA CENTRAL (SANTIAGO)	INGENIERIA EN CONECTIVIDAD Y REDES	3	4	1	NO APLICA	8	0	8	SANTIAGO	SANTIAGO	Metropolitana	1	2	1		CICRE|ICRE|IECIREOL|IETMRE|IETMREOL|NAN|NCONRE|NCONREOL|NETMRE	MATRIZ_VIGENTE_O_REVISION_MANUAL	AUTO_ALIAS_SIN_MATCH	ACTIVO	AMBIGUO
162	I162S2C3J4V3	3	IP SAN SEBASTIAN	2	CASA CENTRAL (SANTIAGO)	INGENIERIA EN CONECTIVIDAD Y REDES	3	4	3	NO APLICA	4	0	4	SANTIAGO	SANTIAGO	Metropolitana	1	2	1	CICRE	CICRE|IECIREOL|IETMRE|NCONRE|NCONREOL	MATRIZ_VIGENTE_O_REVISION_MANUAL	AUTO_ALIAS_SIN_MATCH	ACTIVO	UNICO
162	I162S2C40J2V1	40	IP SAN SEBASTIAN	2	CASA CENTRAL (SANTIAGO)	DIPLOMADO EN DOCENCIA EN EDUCACION SUPERIOR TECNICO PROFESIONAL	2	2	1	NO APLICA	2	0	2	SANTIAGO	SANTIAGO	Metropolitana	3	5	1			MATRIZ_VIGENTE_O_REVISION_MANUAL	DURACION_ESTUDIOS	ACTIVO	SIN_REFERENCIA_MATRIZ
162	I162S2C41J2V1	41	IP CIISA	2	CASA CENTRAL (SANTIAGO)	DIPLOMADO EN GESTION DE PROYECTOS	1	2	1	NO APLICA	2	0	2	SANTIAGO	SANTIAGO	Metropolitana	3	5	1			MATRIZ_VIGENTE_O_REVISION_MANUAL	DURACION_ESTUDIOS	ACTIVO	SIN_REFERENCIA_MATRIZ
162	I162S2C46J1V1	46	IP SAN SEBASTIAN	2	CASA CENTRAL (SANTIAGO)	INGENIERIA EN CIBERSEGURIDAD	1	1	1	NO APLICA	8	0	8	SANTIAGO	SANTIAGO	Metropolitana	1	2	1		ICIB|IECSRE|IECSREOL|NAN|NICCREOL	MATRIZ_VIGENTE_O_REVISION_MANUAL	AUTO_ALIAS_SIN_MATCH	ACTIVO	AMBIGUO
162	I162S2C46J2V1	46	IP SAN SEBASTIAN	2	CASA CENTRAL (SANTIAGO)	INGENIERIA EN CIBERSEGURIDAD	1	2	1	NO APLICA	8	0	8	SANTIAGO	SANTIAGO	Metropolitana	1	2	1		ICIB|IECSRE|NAN|NICCRE|NTCCRE	MATRIZ_VIGENTE_O_REVISION_MANUAL	AUTO_ALIAS_SIN_MATCH	ACTIVO	AMBIGUO
162	I162S2C46J2V2	46	IP CIISA	2	CASA CENTRAL (SANTIAGO)	INGENIERIA EN CIBERSEGURIDAD	1	2	3	NO APLICA	5	0	5	SANTIAGO	SANTIAGO	Metropolitana	1	2	1		ICIB|IECSRE|IECSREOL|NAN|NICCRE|NTCCRE	MATRIZ_VIGENTE_O_REVISION_MANUAL	AUTO_ALIAS_SIN_MATCH	ACTIVO	AMBIGUO
162	I162S2C46J2V3	46	IP SAN SEBASTIAN	2	CASA CENTRAL (SANTIAGO)	INGENIERIA EN CIBERSEGURIDAD	1	2	3	NO APLICA	4	0	4	SANTIAGO	SANTIAGO	Metropolitana	1	2	1		CICIB|ICIB|IECSRE|IECSREOL|NAN|NICCRE|NTCCRE	MATRIZ_VIGENTE_O_REVISION_MANUAL	AUTO_ALIAS_SIN_MATCH	ACTIVO	AMBIGUO
162	I162S2C46J4V1	46	IP SAN SEBASTIAN	2	CASA CENTRAL (SANTIAGO)	INGENIERIA EN CIBERSEGURIDAD	3	4	3	NO APLICA	4	0	4	SANTIAGO	SANTIAGO	Metropolitana	1	2	1		CICIB|ICIB|IECSREOL|NAN|NICCREOL|NTCCREOL	MATRIZ_VIGENTE_O_REVISION_MANUAL	AUTO_ALIAS_SIN_MATCH	ACTIVO	AMBIGUO
162	I162S2C46J4V2	46	IP CIISA	2	CASA CENTRAL (SANTIAGO)	INGENIERIA EN CIBERSEGURIDAD	3	4	3	NO APLICA	5	0	5	SANTIAGO	SANTIAGO	Metropolitana	1	2	1	ICIB	CICIB|ICIB|IECSREOL|NICCREOL|NTCCREOL	MATRIZ_VIGENTE_O_REVISION_MANUAL	AUTO_ALIAS_SIN_MATCH	ACTIVO	UNICO
162	I162S2C46J4V3	46	IP SAN SEBASTIAN	2	CASA CENTRAL (SANTIAGO)	INGENIERIA EN CIBERSEGURIDAD	3	4	1	NO APLICA	8	0	8	SANTIAGO	SANTIAGO	Metropolitana	1	2	1	ICIB	CICIB|ICIB|IECSREOL|NICCREOL|NTCCREOL	MATRIZ_VIGENTE_O_REVISION_MANUAL	AUTO_ALIAS_SIN_MATCH	ACTIVO	UNICO
162	I162S2C47J1V1	47	IP SAN SEBASTIAN	2	CASA CENTRAL (SANTIAGO)	TECNICO EN CIBERSEGURIDAD	1	1	1	NO APLICA	5	0	5	SANTIAGO	SANTIAGO	Metropolitana	1	1	1	TCSRE	TCIB|TCSRE|TCSREOL	MATRIZ_VIGENTE_O_REVISION_MANUAL	AUTO_ALIAS_SIN_MATCH	ACTIVO	UNICO
162	I162S2C47J2V1	47	IP SAN SEBASTIAN	2	CASA CENTRAL (SANTIAGO)	TECNICO EN CIBERSEGURIDAD	1	2	1	NO APLICA	5	0	5	SANTIAGO	SANTIAGO	Metropolitana	1	1	1		TCIB|TCSRE	MATRIZ_VIGENTE_O_REVISION_MANUAL	DURACION_ESTUDIOS	ACTIVO	AMBIGUO
162	I162S2C47J4V1	47	IP SAN SEBASTIAN	2	CASA CENTRAL (SANTIAGO)	TECNICO EN CIBERSEGURIDAD	3	4	1	NO APLICA	5	0	5	SANTIAGO	SANTIAGO	Metropolitana	1	1	1		TCIB|TCSREOL	MATRIZ_VIGENTE_O_REVISION_MANUAL	DURACION_ESTUDIOS	ACTIVO	AMBIGUO
162	I162S2C48J4V1	48	IP SAN SEBASTIAN	2	CASA CENTRAL (SANTIAGO)	TECNICO EN CONTROL INDUSTRIAL	3	4	1	NO APLICA	5	0	5	SANTIAGO	SANTIAGO	Metropolitana	1	1	1			MATRIZ_VIGENTE_O_REVISION_MANUAL	DURACION_ESTUDIOS	ACTIVO	SIN_REFERENCIA_MATRIZ
162	I162S2C53J3V1	53	IP SAN SEBASTIAN	2	CASA CENTRAL (SANTIAGO)	DIPLOMADO EN CIBERSEGURIDAD APLICADA	2	3	1	NO APLICA	1	0	1	SANTIAGO	SANTIAGO	Metropolitana	3	5	1	DCBS		MATRIZ_VIGENTE_O_REVISION_MANUAL	DURACION_ESTUDIOS	ACTIVO	UNICO
162	I162S2C57J1V1	57	IP SAN SEBASTIAN	2	CASA CENTRAL (SANTIAGO)	TECNICO EN PROGRAMACION Y ANALISIS DE SISTEMAS	1	1	1	NO APLICA	5	0	5	SANTIAGO	SANTIAGO	Metropolitana	1	1	1		NAN|TPARE|TPAS	MATRIZ_VIGENTE_O_REVISION_MANUAL	AUTO_ALIAS_SIN_MATCH	ACTIVO	SIN_REFERENCIA_MATRIZ
162	I162S2C57J2V1	57	IP SAN SEBASTIAN	2	CASA CENTRAL (SANTIAGO)	TECNICO EN PROGRAMACION Y ANALISIS DE SISTEMAS	1	2	1	NO APLICA	5	0	5	SANTIAGO	SANTIAGO	Metropolitana	1	1	1		TPARE|TPAS	MATRIZ_VIGENTE_O_REVISION_MANUAL	DURACION_ESTUDIOS	ACTIVO	AMBIGUO
162	I162S2C57J4V1	57	IP SAN SEBASTIAN	2	CASA CENTRAL (SANTIAGO)	TECNICO EN PROGRAMACION Y ANALISIS DE SISTEMAS	3	4	1	NO APLICA	5	0	5	SANTIAGO	SANTIAGO	Metropolitana	1	1	1		TPAREOL|TPAS	MATRIZ_VIGENTE_O_REVISION_MANUAL	DURACION_ESTUDIOS	ACTIVO	AMBIGUO
162	I162S2C63J4V1	63	IP SAN SEBASTIAN	2	CASA CENTRAL (SANTIAGO)	DIPLOMADO EN ARQUITECTURA CLOUD	3	4	1	NO APLICA	1	0	1	SANTIAGO	SANTIAGO	Metropolitana	3	5	1	DACD		MATRIZ_VIGENTE_O_REVISION_MANUAL	DURACION_ESTUDIOS	ACTIVO	UNICO
162	I162S2C64J4V1	64	IP SAN SEBASTIAN	2	CASA CENTRAL (SANTIAGO)	DIPLOMADO EN BACKEND	3	4	1	NO APLICA	1	0	1	SANTIAGO	SANTIAGO	Metropolitana	3	5	1			MATRIZ_VIGENTE_O_REVISION_MANUAL	DURACION_ESTUDIOS	ACTIVO	SIN_REFERENCIA_MATRIZ
162	I162S2C65J4V1	65	IP SAN SEBASTIAN	2	CASA CENTRAL (SANTIAGO)	DIPLOMADO EN FRONTEND	3	4	1	NO APLICA	1	0	1	SANTIAGO	SANTIAGO	Metropolitana	3	5	1			MATRIZ_VIGENTE_O_REVISION_MANUAL	DURACION_ESTUDIOS	ACTIVO	SIN_REFERENCIA_MATRIZ
162	I162S2C66J4V1	66	IP SAN SEBASTIAN	2	CASA CENTRAL (SANTIAGO)	DIPLOMADO EN FULLSTACK	3	4	1	NO APLICA	1	0	1	SANTIAGO	SANTIAGO	Metropolitana	3	5	1	DFSK		MATRIZ_VIGENTE_O_REVISION_MANUAL	DURACION_ESTUDIOS	ACTIVO	UNICO
162	I162S2C67J4V1	67	IP SAN SEBASTIAN	2	CASA CENTRAL (SANTIAGO)	DIPLOMADO EN QUALITY ASSURANCE	3	4	1	NO APLICA	1	0	1	SANTIAGO	SANTIAGO	Metropolitana	3	5	1	DQAS		MATRIZ_VIGENTE_O_REVISION_MANUAL	DURACION_ESTUDIOS	ACTIVO	UNICO
162	I162S2C68J4V1	68	IP SAN SEBASTIAN	2	CASA CENTRAL (SANTIAGO)	DIPLOMADO EN SEGURIDAD OFENSIVA	3	4	1	NO APLICA	1	0	1	SANTIAGO	SANTIAGO	Metropolitana	3	5	1	DSOF		MATRIZ_VIGENTE_O_REVISION_MANUAL	DURACION_ESTUDIOS	ACTIVO	UNICO
162	I162S2C69J4V1	69	IP SAN SEBASTIAN	2	CASA CENTRAL (SANTIAGO)	DIPLOMADO INFRAESTRUCTURA CLOUD	3	4	1	NO APLICA	1	0	1	SANTIAGO	SANTIAGO	Metropolitana	3	5	1	DICD		MATRIZ_VIGENTE_O_REVISION_MANUAL	DURACION_ESTUDIOS	ACTIVO	UNICO
162	I162S2C6J1V1	6	IP SAN SEBASTIAN	2	CASA CENTRAL (SANTIAGO)	TECNICO EN CONECTIVIDAD Y REDES	1	1	1	NO APLICA	5	0	5	SANTIAGO	SANTIAGO	Metropolitana	1	1	1	TCRE	TCRE|TTMRE	MATRIZ_VIGENTE_O_REVISION_MANUAL	AUTO_ALIAS_SIN_MATCH	ACTIVO	UNICO
162	I162S2C6J1V2	6	IP SAN SEBASTIAN	2	CASA CENTRAL (SANTIAGO)	TECNICO EN CONECTIVIDAD Y REDES	1	1	1	NO APLICA	5	0	5	SANTIAGO	SANTIAGO	Metropolitana	1	1	1	TCRE	TCRE|TTMRE	MATRIZ_VIGENTE_O_REVISION_MANUAL	AUTO_ALIAS_SIN_MATCH	ACTIVO	UNICO
162	I162S2C6J2V1	6	IP SAN SEBASTIAN	2	CASA CENTRAL (SANTIAGO)	TECNICO EN CONECTIVIDAD Y REDES	1	2	1	NO APLICA	5	0	5	SANTIAGO	SANTIAGO	Metropolitana	1	1	1		TCRE|TTMRE	MATRIZ_VIGENTE_O_REVISION_MANUAL	DURACION_ESTUDIOS	ACTIVO	AMBIGUO
162	I162S2C6J2V2	6	IP SAN SEBASTIAN	2	CASA CENTRAL (SANTIAGO)	TECNICO EN CONECTIVIDAD Y REDES	1	2	1	NO APLICA	5	0	5	SANTIAGO	SANTIAGO	Metropolitana	1	1	1		TCRE|TTMRE	MATRIZ_VIGENTE_O_REVISION_MANUAL	DURACION_ESTUDIOS	ACTIVO	AMBIGUO
162	I162S2C6J4V1	6	IP CIISA	2	CASA CENTRAL (SANTIAGO)	TECNICO EN CONECTIVIDAD Y REDES	3	4	1	NO APLICA	5	0	5	SANTIAGO	SANTIAGO	Metropolitana	1	1	1	TTMREOL		MATRIZ_VIGENTE_O_REVISION_MANUAL	DURACION_ESTUDIOS	ACTIVO	UNICO
162	I162S2C6J4V2	6	IP SAN SEBASTIAN	2	CASA CENTRAL (SANTIAGO)	TECNICO EN CONECTIVIDAD Y REDES	3	4	1	NO APLICA	5	0	5	SANTIAGO	SANTIAGO	Metropolitana	1	1	1		TCRE|TTMREOL	MATRIZ_VIGENTE_O_REVISION_MANUAL	DURACION_ESTUDIOS	ACTIVO	AMBIGUO
162	I162S2C70J4V1	70	IP SAN SEBASTIAN	2	CASA CENTRAL (SANTIAGO)	DIPLOMADO REDES INDUSTRIALES	3	4	1	NO APLICA	1	0	1	SANTIAGO	SANTIAGO	Metropolitana	3	5	1	DRID		MATRIZ_VIGENTE_O_REVISION_MANUAL	DURACION_ESTUDIOS	ACTIVO	UNICO
162	I162S2C71J4V1	71	IP SAN SEBASTIAN	2	CASA CENTRAL (SANTIAGO)	DIPLOMADO SEGURIDAD EN ARQUITECTURA DE REDES	3	4	1	NO APLICA	1	0	1	SANTIAGO	SANTIAGO	Metropolitana	3	5	1			MATRIZ_VIGENTE_O_REVISION_MANUAL	DURACION_ESTUDIOS	ACTIVO	SIN_REFERENCIA_MATRIZ
162	I162S2C76J1V1	76	IP SAN SEBASTIAN	2	CASA CENTRAL (SANTIAGO)	INGENIERIA EN ADMINISTRACION DE EMPRESAS	1	1	1	NO APLICA	8	0	8	SANTIAGO	SANTIAGO	Metropolitana	1	2	1		IADM|NAN	MATRIZ_VIGENTE_O_REVISION_MANUAL	AUTO_ALIAS_SIN_MATCH	ACTIVO	SIN_REFERENCIA_MATRIZ
162	I162S2C76J2V1	76	IP SAN SEBASTIAN	2	CASA CENTRAL (SANTIAGO)	INGENIERIA EN ADMINISTRACION DE EMPRESAS	1	2	1	NO APLICA	8	0	8	SANTIAGO	SANTIAGO	Metropolitana	1	2	1	IADM		MATRIZ_VIGENTE_O_REVISION_MANUAL	DURACION_ESTUDIOS	ACTIVO	UNICO
162	I162S2C76J4V1	76	IP SAN SEBASTIAN	2	CASA CENTRAL (SANTIAGO)	INGENIERIA EN ADMINISTRACION DE EMPRESAS	3	4	1	NO APLICA	8	0	8	SANTIAGO	SANTIAGO	Metropolitana	1	2	1	IADM	CIADM|IADM	MATRIZ_VIGENTE_O_REVISION_MANUAL	AUTO_ALIAS_SIN_MATCH	ACTIVO	UNICO
162	I162S2C76J4V2	76	IP SAN SEBASTIAN	2	CASA CENTRAL (SANTIAGO)	INGENIERIA EN ADMINISTRACION DE EMPRESAS	3	4	3	NO APLICA	4	0	4	SANTIAGO	SANTIAGO	Metropolitana	1	2	1		CIADM|IADM|NAN	MATRIZ_VIGENTE_O_REVISION_MANUAL	AUTO_ALIAS_SIN_MATCH	ACTIVO	AMBIGUO
162	I162S2C77J1V1	77	IP SAN SEBASTIAN	2	CASA CENTRAL (SANTIAGO)	INGENIERIA EN LOGISTICA	1	1	1	NO APLICA	8	0	8	SANTIAGO	SANTIAGO	Metropolitana	1	2	1	ILOG		MATRIZ_VIGENTE_O_REVISION_MANUAL	DURACION_ESTUDIOS	ACTIVO	UNICO
162	I162S2C77J2V1	77	IP SAN SEBASTIAN	2	CASA CENTRAL (SANTIAGO)	INGENIERIA EN LOGISTICA	1	2	1	NO APLICA	8	0	8	SANTIAGO	SANTIAGO	Metropolitana	1	2	1	ILOG		MATRIZ_VIGENTE_O_REVISION_MANUAL	DURACION_ESTUDIOS	ACTIVO	UNICO
162	I162S2C77J4V1	77	IP SAN SEBASTIAN	2	CASA CENTRAL (SANTIAGO)	INGENIERIA EN LOGISTICA	3	4	1	NO APLICA	8	0	8	SANTIAGO	SANTIAGO	Metropolitana	1	2	1	ILOG	CILOG|ILOG	MATRIZ_VIGENTE_O_REVISION_MANUAL	AUTO_ALIAS_SIN_MATCH	ACTIVO	UNICO
162	I162S2C77J4V2	77	IP SAN SEBASTIAN	2	CASA CENTRAL (SANTIAGO)	INGENIERIA EN LOGISTICA	3	4	3	NO APLICA	4	0	4	SANTIAGO	SANTIAGO	Metropolitana	1	2	1	CILOG	CILOG	MATRIZ_VIGENTE_O_REVISION_MANUAL	AUTO_ALIAS_SIN_MATCH	ACTIVO	UNICO
162	I162S2C78J1V1	78	IP SAN SEBASTIAN	2	CASA CENTRAL (SANTIAGO)	TECNICO EN ADMINISTRACION DE EMPRESAS	1	1	1	NO APLICA	5	0	5	SANTIAGO	SANTIAGO	Metropolitana	1	1	1	TAMD		MATRIZ_VIGENTE_O_REVISION_MANUAL	DURACION_ESTUDIOS	ACTIVO	UNICO
162	I162S2C78J2V1	78	IP SAN SEBASTIAN	2	CASA CENTRAL (SANTIAGO)	TECNICO EN ADMINISTRACION DE EMPRESAS	1	2	1	NO APLICA	5	0	5	SANTIAGO	SANTIAGO	Metropolitana	1	1	1	TAMD		MATRIZ_VIGENTE_O_REVISION_MANUAL	DURACION_ESTUDIOS	ACTIVO	UNICO
162	I162S2C78J4V1	78	IP SAN SEBASTIAN	2	CASA CENTRAL (SANTIAGO)	TECNICO EN ADMINISTRACION DE EMPRESAS	3	4	1	NO APLICA	5	0	5	SANTIAGO	SANTIAGO	Metropolitana	1	1	1	TAMD		MATRIZ_VIGENTE_O_REVISION_MANUAL	DURACION_ESTUDIOS	ACTIVO	UNICO
162	I162S2C79J1V1	79	IP SAN SEBASTIAN	2	CASA CENTRAL (SANTIAGO)	TECNICO EN LOGISTICA	1	1	1	NO APLICA	5	0	5	SANTIAGO	SANTIAGO	Metropolitana	1	1	1	TLOG		MATRIZ_VIGENTE_O_REVISION_MANUAL	DURACION_ESTUDIOS	ACTIVO	UNICO
162	I162S2C79J2V1	79	IP SAN SEBASTIAN	2	CASA CENTRAL (SANTIAGO)	TECNICO EN LOGISTICA	1	2	1	NO APLICA	5	0	5	SANTIAGO	SANTIAGO	Metropolitana	1	1	1	TLOG		MATRIZ_VIGENTE_O_REVISION_MANUAL	DURACION_ESTUDIOS	ACTIVO	UNICO
162	I162S2C79J4V1	79	IP SAN SEBASTIAN	2	CASA CENTRAL (SANTIAGO)	TECNICO EN LOGISTICA	3	4	1	NO APLICA	5	0	5	SANTIAGO	SANTIAGO	Metropolitana	1	1	1	TLOG		MATRIZ_VIGENTE_O_REVISION_MANUAL	DURACION_ESTUDIOS	ACTIVO	UNICO
162	I162S2C83J4V1	83	IP SAN SEBASTIAN	2	CASA CENTRAL (SANTIAGO)	ADMINISTRACION PUBLICA	3	4	1	NO APLICA	8	0	8	SANTIAGO	SANTIAGO	Metropolitana	1	2	1	ADMP	ADMP|CADMP	MATRIZ_VIGENTE_O_REVISION_MANUAL	AUTO_ALIAS_SIN_MATCH	ACTIVO	UNICO
162	I162S2C83J4V2	83	IP SAN SEBASTIAN	2	CASA CENTRAL (SANTIAGO)	ADMINISTRACION PUBLICA	3	4	3	NO APLICA	4	0	4	SANTIAGO	SANTIAGO	Metropolitana	1	2	1		ADMP|CADMP|NAN	MATRIZ_VIGENTE_O_REVISION_MANUAL	AUTO_ALIAS_SIN_MATCH	ACTIVO	AMBIGUO
162	I162S2C84J4V1	84	IP SAN SEBASTIAN	2	CASA CENTRAL (SANTIAGO)	TECNICO EN ADMINISTRACION PUBLICA	3	4	1	NO APLICA	5	0	5	SANTIAGO	SANTIAGO	Metropolitana	1	1	1	TADP		MATRIZ_VIGENTE_O_REVISION_MANUAL	DURACION_ESTUDIOS	ACTIVO	UNICO
162	I162S2C85J4V1	85	IP SAN SEBASTIAN	2	CASA CENTRAL (SANTIAGO)	CONTABILIDAD GENERAL	3	4	1	NO APLICA	5	0	5	SANTIAGO	SANTIAGO	Metropolitana	1	1	1	CONG		MATRIZ_VIGENTE_O_REVISION_MANUAL	DURACION_ESTUDIOS	ACTIVO	UNICO
162	I162S2C86J4V1	86	IP SAN SEBASTIAN	2	CASA CENTRAL (SANTIAGO)	AUDITORIA	3	4	1	NO APLICA	8	0	8	SANTIAGO	SANTIAGO	Metropolitana	1	2	1	AUDT		MATRIZ_VIGENTE_O_REVISION_MANUAL	DURACION_ESTUDIOS	ACTIVO	UNICO
162	I162S2C86J4V2	86	IP SAN SEBASTIAN	2	CASA CENTRAL (SANTIAGO)	AUDITORIA	3	4	3	NO APLICA	4	0	4	SANTIAGO	SANTIAGO	Metropolitana	1	2	1		AUDT|CAUDT	MATRIZ_VIGENTE_O_REVISION_MANUAL	DURACION_ESTUDIOS	ACTIVO	AMBIGUO
162	I162S2C87J4V1	87	IP SAN SEBASTIAN	2	CASA CENTRAL (SANTIAGO)	INGENIERIA INDUSTRIAL	3	4	3	NO APLICA	4	0	4	SANTIAGO	SANTIAGO	Metropolitana	1	2	1	IIND		MATRIZ_VIGENTE_O_REVISION_MANUAL	DURACION_ESTUDIOS	ACTIVO	UNICO
162	I162S2C87J4V2	87	IP SAN SEBASTIAN	2	CASA CENTRAL (SANTIAGO)	INGENIERIA INDUSTRIAL	3	4	1	NO APLICA	8	0	8	SANTIAGO	SANTIAGO	Metropolitana	1	2	1	IIND		MATRIZ_VIGENTE_O_REVISION_MANUAL	DURACION_ESTUDIOS	ACTIVO	UNICO
162	I162S2C88J4V1	88	IP SAN SEBASTIAN	2	CASA CENTRAL (SANTIAGO)	INGENIERIA EN CIENCIA DE DATOS	3	4	1	NO APLICA	8	0	8	SANTIAGO	SANTIAGO	Metropolitana	1	2	1	ICDA		MATRIZ_VIGENTE_O_REVISION_MANUAL	DURACION_ESTUDIOS	ACTIVO	UNICO
162	I162S2C88J4V2	88	IP SAN SEBASTIAN	2	CASA CENTRAL (SANTIAGO)	INGENIERIA EN CIENCIA DE DATOS	3	4	3	NO APLICA	4	0	4	SANTIAGO	SANTIAGO	Metropolitana	1	2	1		CICDA|ICDA	MATRIZ_VIGENTE_O_REVISION_MANUAL	DURACION_ESTUDIOS	ACTIVO	AMBIGUO
162	I162S2C89J4V1	89	IP SAN SEBASTIAN	2	CASA CENTRAL (SANTIAGO)	TECNICO EN CIENCIA DE DATOS	3	4	1	NO APLICA	5	0	5	SANTIAGO	SANTIAGO	Metropolitana	1	1	1	TCDA		MATRIZ_VIGENTE_O_REVISION_MANUAL	DURACION_ESTUDIOS	ACTIVO	UNICO
162	I162S2C90J2V1	90	IP SAN SEBASTIAN	2	CASA CENTRAL (SANTIAGO)	NATUROPATIA	1	2	3	NO APLICA	4	0	4	SANTIAGO	SANTIAGO	Metropolitana	1	2	1		CNATP|NATP	MATRIZ_VIGENTE_O_REVISION_MANUAL	DURACION_ESTUDIOS	ACTIVO	AMBIGUO
162	I162S2C90J2V2	90	IP SAN SEBASTIAN	2	CASA CENTRAL (SANTIAGO)	NATUROPATIA	1	2	1	NO APLICA	8	0	8	SANTIAGO	SANTIAGO	Metropolitana	1	2	1		CNATP|NATP	MATRIZ_VIGENTE_O_REVISION_MANUAL	DURACION_ESTUDIOS	ACTIVO	AMBIGUO
162	I162S2C91J1V1	91	IP SAN SEBASTIAN	2	CASA CENTRAL (SANTIAGO)	TECNICO EN ENFERMERIA	1	1	1	NO APLICA	5	0	5	SANTIAGO	SANTIAGO	Metropolitana	1	1	1	COTENS	COTENS|TENS	MATRIZ_VIGENTE_O_REVISION_MANUAL	AUTO_ALIAS_SIN_MATCH	ACTIVO	UNICO
162	I162S2C91J2V1	91	IP SAN SEBASTIAN	2	CASA CENTRAL (SANTIAGO)	TECNICO EN ENFERMERIA	1	2	1	NO APLICA	5	0	5	SANTIAGO	SANTIAGO	Metropolitana	1	1	1		COTENS|TENS	MATRIZ_VIGENTE_O_REVISION_MANUAL	DURACION_ESTUDIOS	ACTIVO	AMBIGUO
162	I162S2C95J4V1	95	IP SAN SEBASTIAN	2	CASA CENTRAL (SANTIAGO)	DIPLOMADO EN INTELIGENCIA ARTIFICIAL	3	4	1	NO APLICA	1	0	1	SANTIAGO	SANTIAGO	Metropolitana	3	5	1	DIAR		MATRIZ_VIGENTE_O_REVISION_MANUAL	DURACION_ESTUDIOS	ACTIVO	UNICO
162	I162S2C96J4V1	96	IP SAN SEBASTIAN	2	CASA CENTRAL (SANTIAGO)	DIPLOMADO EN GOBERNANZA DE DATOS	3	4	1	NO APLICA	1	0	1	SANTIAGO	SANTIAGO	Metropolitana	3	5	1	DGDA		MATRIZ_VIGENTE_O_REVISION_MANUAL	DURACION_ESTUDIOS	ACTIVO	UNICO
162	I162S2C97J4V1	97	IP SAN SEBASTIAN	2	CASA CENTRAL (SANTIAGO)	DIPLOMADO EN SUPPLY CHAIN MANAGEMENT Y MINERIA DE REQUERIMIENTOS	3	4	1	NO APLICA	1	0	1	SANTIAGO	SANTIAGO	Metropolitana	3	5	1		DDSC|DSCM	MATRIZ_VIGENTE_O_REVISION_MANUAL	DURACION_ESTUDIOS	ACTIVO	AMBIGUO
162	I162S2C98J4V1	98	IP SAN SEBASTIAN	2	CASA CENTRAL (SANTIAGO)	DIPLOMADO EN HABILIDADES DIRECTIVAS PARA PROFESIONALES STEM	3	4	1	NO APLICA	1	0	1	SANTIAGO	SANTIAGO	Metropolitana	3	5	1			MATRIZ_VIGENTE_O_REVISION_MANUAL	DURACION_ESTUDIOS	ACTIVO	SIN_REFERENCIA_MATRIZ
162	I162S2C99J4V1	99	IP SAN SEBASTIAN	2	CASA CENTRAL (SANTIAGO)	DIPLOMADO EN GESTION PUBLICA LOCAL	3	4	1	NO APLICA	1	0	1	SANTIAGO	SANTIAGO	Metropolitana	3	5	1			MATRIZ_VIGENTE_O_REVISION_MANUAL	DURACION_ESTUDIOS	ACTIVO	SIN_REFERENCIA_MATRIZ
162	I162S3C114J2V1	114	IP SAN SEBASTIAN	3	SEDE CONCEPCION	TECNICO EN ENFERMERIA E INSTRUMENTACION QUIRURGICA	1	2	1	NO APLICA	5	0	5	CONCEPCION	CONCEPCION	Biobío	1	1	1			MATRIZ_VIGENTE_O_REVISION_MANUAL	DURACION_ESTUDIOS	ACTIVO	SIN_REFERENCIA_MATRIZ
162	I162S3C115J2V1	115	IP SAN SEBASTIAN	3	SEDE CONCEPCION	TECNICO EN FARMACIA	1	2	1	NO APLICA	5	0	5	CONCEPCION	CONCEPCION	Biobío	1	1	1			MATRIZ_VIGENTE_O_REVISION_MANUAL	DURACION_ESTUDIOS	ACTIVO	SIN_REFERENCIA_MATRIZ
162	I162S3C91J2V1	91	IP SAN SEBASTIAN	3	SEDE CONCEPCION	TECNICO EN ENFERMERIA	1	2	1	NO APLICA	5	0	5	CONCEPCION	CONCEPCION	Biobío	1	1	1			MATRIZ_VIGENTE_O_REVISION_MANUAL	DURACION_ESTUDIOS	ACTIVO	SIN_REFERENCIA_MATRIZ
162	I162S2C46J4V1	46	IP SAN SEBASTIAN	2	CASA CENTRAL (SANTIAGO)	CONTINUIDAD INGENIERIA  CIBERSEGURIDAD	3	4	3	NO APLICA	4	0	4	SANTIAGO	SANTIAGO	Metropolitana	1	2	1		CICIB|ICIB|IECSREOL|NAN|NICCREOL|NTCCREOL	MATRIZ_VIGENTE_O_REVISION_MANUAL	AUTO_ALIAS_SIN_MATCH	ACTIVO	AMBIGUO
162	I162S2C46J4V2	46	IP CIISA	2	CASA CENTRAL (SANTIAGO)	CONTINUIDAD INGENIERIA  CIBERSEGURIDAD	3	4	3	NO APLICA	5	0	5	SANTIAGO	SANTIAGO	Metropolitana	1	2	1	ICIB	CICIB|ICIB|IECSREOL|NICCREOL|NTCCREOL	MATRIZ_VIGENTE_O_REVISION_MANUAL	AUTO_ALIAS_SIN_MATCH	ACTIVO	UNICO
162	I162S2C46J4V3	46	IP SAN SEBASTIAN	2	CASA CENTRAL (SANTIAGO)	CONTINUIDAD INGENIERIA  CIBERSEGURIDAD	3	4	1	NO APLICA	8	0	8	SANTIAGO	SANTIAGO	Metropolitana	1	2	1	ICIB	CICIB|ICIB|IECSREOL|NICCREOL|NTCCREOL	MATRIZ_VIGENTE_O_REVISION_MANUAL	AUTO_ALIAS_SIN_MATCH	ACTIVO	UNICO
162	I162S2C3J4V1	3	IP CIISA	2	CASA CENTRAL (SANTIAGO)	CONTINUIDAD INGENIERIA CONECTIVIDAD Y REDES	3	4	1	NO APLICA	8	0	8	SANTIAGO	SANTIAGO	Metropolitana	1	2	1		CICRE|IECIREOL|IETMRE|IETMREOL|NAN|NCONRE|NCONREOL|NETMRE	MATRIZ_VIGENTE_O_REVISION_MANUAL	AUTO_ALIAS_SIN_MATCH	ACTIVO	AMBIGUO
162	I162S2C3J4V2	3	IP SAN SEBASTIAN	2	CASA CENTRAL (SANTIAGO)	CONTINUIDAD INGENIERIA CONECTIVIDAD Y REDES	3	4	1	NO APLICA	8	0	8	SANTIAGO	SANTIAGO	Metropolitana	1	2	1		CICRE|ICRE|IECIREOL|IETMRE|IETMREOL|NAN|NCONRE|NCONREOL|NETMRE	MATRIZ_VIGENTE_O_REVISION_MANUAL	AUTO_ALIAS_SIN_MATCH	ACTIVO	AMBIGUO
162	I162S2C3J4V3	3	IP SAN SEBASTIAN	2	CASA CENTRAL (SANTIAGO)	CONTINUIDAD INGENIERIA CONECTIVIDAD Y REDES	3	4	3	NO APLICA	4	0	4	SANTIAGO	SANTIAGO	Metropolitana	1	2	1	CICRE	CICRE|IECIREOL|IETMRE|NCONRE|NCONREOL	MATRIZ_VIGENTE_O_REVISION_MANUAL	AUTO_ALIAS_SIN_MATCH	ACTIVO	UNICO
162	I162S2C1J4V1	1	IP CIISA	2	CASA CENTRAL (SANTIAGO)	CONTINUIDAD INGENIERIA INFORMATICA	3	4	1	NO APLICA	8	0	8	SANTIAGO	SANTIAGO	Metropolitana	1	2	1		CIINF|IECIRE|IECIREOL|NAN|NINFREOL	MATRIZ_VIGENTE_O_REVISION_MANUAL	AUTO_ALIAS_SIN_MATCH	ACTIVO	AMBIGUO
162	I162S2C1J4V2	1	IP SAN SEBASTIAN	2	CASA CENTRAL (SANTIAGO)	CONTINUIDAD INGENIERIA INFORMATICA	3	4	1	NO APLICA	8	0	8	SANTIAGO	SANTIAGO	Metropolitana	1	2	1		CIINF|IECIREOL|IINF|NAN|NINFREOL	MATRIZ_VIGENTE_O_REVISION_MANUAL	AUTO_ALIAS_SIN_MATCH	ACTIVO	AMBIGUO
162	I162S2C1J4V3	1	IP SAN SEBASTIAN	2	CASA CENTRAL (SANTIAGO)	CONTINUIDAD INGENIERIA INFORMATICA	3	4	3	NO APLICA	4	0	4	SANTIAGO	SANTIAGO	Metropolitana	1	2	1	CIINF	CIINF|NINFREOL	MATRIZ_VIGENTE_O_REVISION_MANUAL	AUTO_ALIAS_SIN_MATCH	ACTIVO	UNICO
162	I162S2C76J4V1	76	IP SAN SEBASTIAN	2	CASA CENTRAL (SANTIAGO)	CONTINUIDAD INGENIERIA  ADMINISTRACION DE EMPRESAS	3	4	1	NO APLICA	8	0	8	SANTIAGO	SANTIAGO	Metropolitana	1	2	1	IADM	CIADM|IADM	MATRIZ_VIGENTE_O_REVISION_MANUAL	AUTO_ALIAS_SIN_MATCH	ACTIVO	UNICO
162	I162S2C76J4V2	76	IP SAN SEBASTIAN	2	CASA CENTRAL (SANTIAGO)	CONTINUIDAD INGENIERIA  ADMINISTRACION DE EMPRESAS	3	4	3	NO APLICA	4	0	4	SANTIAGO	SANTIAGO	Metropolitana	1	2	1		CIADM|IADM|NAN	MATRIZ_VIGENTE_O_REVISION_MANUAL	AUTO_ALIAS_SIN_MATCH	ACTIVO	AMBIGUO
162	I162S2C22J4V1	22	IP SAN SEBASTIAN	2	CASA CENTRAL (SANTIAGO)	CONTINUIDAD INGENIERIA INDUSTRIAL	3	4	1	NO APLICA	8	0	8	SANTIAGO	SANTIAGO	Metropolitana	1	2	1	IACI	CIIND|IACI	MATRIZ_VIGENTE_O_REVISION_MANUAL	AUTO_ALIAS_SIN_MATCH	ACTIVO	UNICO
162	I162S2C22J4V2	22	IP SAN SEBASTIAN	2	CASA CENTRAL (SANTIAGO)	CONTINUIDAD INGENIERIA INDUSTRIAL	3	4	3	NO APLICA	4	0	4	SANTIAGO	SANTIAGO	Metropolitana	1	2	1		CIACI|CIIND|IACI|NAN	MATRIZ_VIGENTE_O_REVISION_MANUAL	AUTO_ALIAS_SIN_MATCH	ACTIVO	AMBIGUO
162	I162S2C77J4V1	77	IP SAN SEBASTIAN	2	CASA CENTRAL (SANTIAGO)	CONTINUIDAD INGENIERIA LOGISTICA	3	4	1	NO APLICA	8	0	8	SANTIAGO	SANTIAGO	Metropolitana	1	2	1	ILOG	CILOG|ILOG	MATRIZ_VIGENTE_O_REVISION_MANUAL	AUTO_ALIAS_SIN_MATCH	ACTIVO	UNICO
162	I162S2C77J4V2	77	IP SAN SEBASTIAN	2	CASA CENTRAL (SANTIAGO)	CONTINUIDAD INGENIERIA LOGISTICA	3	4	3	NO APLICA	4	0	4	SANTIAGO	SANTIAGO	Metropolitana	1	2	1	CILOG	CILOG	MATRIZ_VIGENTE_O_REVISION_MANUAL	AUTO_ALIAS_SIN_MATCH	ACTIVO	UNICO
162	I162S2C83J4V1	83	IP SAN SEBASTIAN	2	CASA CENTRAL (SANTIAGO)	CONTINUIDAD ADMINISTRACION PUBLICA	3	4	1	NO APLICA	8	0	8	SANTIAGO	SANTIAGO	Metropolitana	1	2	1	ADMP	ADMP|CADMP	MATRIZ_VIGENTE_O_REVISION_MANUAL	AUTO_ALIAS_SIN_MATCH	ACTIVO	UNICO
162	I162S2C83J4V2	83	IP SAN SEBASTIAN	2	CASA CENTRAL (SANTIAGO)	CONTINUIDAD ADMINISTRACION PUBLICA	3	4	3	NO APLICA	4	0	4	SANTIAGO	SANTIAGO	Metropolitana	1	2	1		ADMP|CADMP|NAN	MATRIZ_VIGENTE_O_REVISION_MANUAL	AUTO_ALIAS_SIN_MATCH	ACTIVO	AMBIGUO
